{"IcoMoonType":"selection","icons":[{"icon":{"paths":["M60.538 0l82.144 921.63 368.756 102.37 369.724-102.524 82.3-921.476h-902.924zM784.63 301.428h-432.54l10.302 115.75h411.968l-31.042 347.010-231.844 64.254-231.572-64.254-15.83-177.512h113.494l8.048 90.232 125.862 33.916 0.278-0.078 125.934-33.992 13.070-146.55h-391.74l-30.494-341.8h566.214l-10.108 113.024z"],"tags":["html-five","w3c"],"defaultCode":60132,"grid":16,"attrs":[]},"attrs":[],"properties":{"ligatures":"html-five, w3c","name":"html-five","order":2,"id":485,"prevSize":32,"code":60132},"setIdx":0,"setId":1,"iconIdx":484}],"height":1024,"metadata":{"name":"icomoon"},"preferences":{"showGlyphs":true,"showQuickUse":true,"showQuickUse2":true,"showSVGs":true,"fontPref":{"prefix":"icon-","metadata":{"fontFamily":"icomoon"},"metrics":{"emSize":1024,"baseline":6.25,"whitespace":50},"embed":false},"imagePref":{"prefix":"icon-","png":true,"useClassSelector":true,"color":0,"bgColor":16777215,"classSelector":".icon","name":"icomoon","height":32,"columns":16,"margin":16},"historySize":50,"showCodes":true,"gridSize":16}}